{"csz": 2.5, "hy": [0.6731984257692414, 0.4487989505128276, 0.2991993003418851, 0.2991993003418851, 0.2991993003418851, 0.4487989505128276, 0.6731984257692414, 0.6731984257692414, 0.4487989505128276, 0.2991993003418851, 0.2991993003418851, 0.2991993003418851, 0.4487989505128276, 0.6731984257692414], "nca": 5, "ncb": 5, "pfz": 1.7, "npadx": 15, "npadz": 16, "domain_x": 300.0, "filename": "MeshParameters.json", "directory": "TDEM_Commer_example11", "version": "0.0.6", "csx1": 0.003, "csx2": 2.5, "pfx1": 1.3, "pfx2": 1.7, "modelParameters": {"filename": "ModelParameters.json", "directory": "TDEM_Commer_example11", "version": "0.0.6", "sigma_casing": 1000000.0, "sigma_inside": 0.0333, "mur_casing": 1.0, "mur_inside": 1.0, "casing_top": 0.0, "casing_l": 200.0, "casing_d": 0.12300000000000001, "casing_t": 0.012, "sigma_back": 0.0333, "mur_back": 1.0, "sigma_air": 0.0003, "surface_z": 0.0, "src_a": [55.0, 4.71238898038469, -1.25], "src_b": [45.0, 4.71238898038469, -1.25], "timeSteps": [1e-06, 1e-06, 1e-06, 1e-06, 1e-06, 1e-06, 1e-06, 1e-06, 1e-06, 1e-06, 1e-06, 1e-06, 1e-06, 1e-06, 1e-06, 1e-06, 1e-06, 1e-06, 1e-06, 1e-06, 1e-05, 1e-05, 1e-05, 1e-05, 1e-05, 1e-05, 1e-05, 1e-05, 1e-05, 1e-05, 1e-05, 1e-05, 1e-05, 1e-05, 1e-05, 1e-05, 1e-05, 1e-05, 1e-05, 1e-05, 1e-05, 1e-05, 1e-05, 1e-05, 1e-05, 1e-05, 1e-05, 1e-05, 1e-05, 1e-05, 3e-05, 3e-05, 3e-05, 3e-05, 3e-05, 3e-05, 3e-05, 3e-05, 3e-05, 3e-05, 3e-05, 3e-05, 3e-05, 3e-05, 3e-05, 3e-05, 3e-05, 3e-05, 3e-05, 3e-05, 3e-05, 3e-05, 3e-05, 3e-05, 3e-05, 3e-05, 3e-05, 3e-05, 3e-05, 3e-05, 0.0001, 0.0001, 0.0001, 0.0001, 0.0001, 0.0001, 0.0001, 0.0001, 0.0001, 0.0001, 0.0001, 0.0001, 0.0001, 0.0001, 0.0001, 0.0001, 0.0001, 0.0001, 0.0001, 0.0001, 0.0001, 0.0001, 0.0001, 0.0001, 0.0001, 0.0001, 0.0001, 0.0001, 0.0001, 0.0001, 0.0001, 0.0001, 0.0001, 0.0001, 0.0001, 0.0001, 0.0001, 0.0001, 0.0001, 0.0001, 0.0003, 0.0003, 0.0003, 0.0003, 0.0003, 0.0003, 0.0003, 0.0003, 0.0003, 0.0003, 0.0003, 0.0003, 0.0003, 0.0003, 0.0003, 0.0003, 0.0003, 0.0003, 0.0003, 0.0003, 0.0003, 0.0003, 0.0003, 0.0003, 0.0003, 0.0003, 0.0003, 0.0003, 0.0003, 0.0003, 0.001, 0.001, 0.001, 0.001, 0.001, 0.001, 0.001, 0.001, 0.001, 0.001, 0.001, 0.001, 0.001, 0.001, 0.001, 0.001, 0.001, 0.001, 0.001, 0.001, 0.01, 0.01, 0.01, 0.01, 0.01, 0.01, 0.01, 0.01, 0.01, 0.01, 0.01, 0.01, 0.01, 0.01, 0.01, 0.01, 0.01], "__class__": "CasingInHalfspace"}, "__class__": "CasingMeshGenerator"}