{"version": "0.0.4", "modelParameters": {"sigma_air": 0.0003, "sigma_casing": 1000000.0, "mur_casing": 1.0, "src_b": [45.0, 4.71238898038469, -1.25], "casing_l": 200.0, "casing_t": 0.012, "__class__": "CasingInHalfspace", "filename": "ModelParameters.json", "version": "0.0.4", "sigma_inside": 0.0333, "sigma_back": 0.0333, "directory": "Commer_example_SimPEG_updates", "timeSteps": [1e-06, 1e-06, 1e-06, 1e-06, 1e-06, 1e-06, 1e-06, 1e-06, 1e-06, 1e-06, 1e-06, 1e-06, 1e-06, 1e-06, 1e-06, 1e-06, 1e-06, 1e-06, 1e-06, 1e-06, 1e-05, 1e-05, 1e-05, 1e-05, 1e-05, 1e-05, 1e-05, 1e-05, 1e-05, 1e-05, 1e-05, 1e-05, 1e-05, 1e-05, 1e-05, 1e-05, 1e-05, 1e-05, 1e-05, 1e-05, 1e-05, 1e-05, 1e-05, 1e-05, 1e-05, 1e-05, 1e-05, 1e-05, 1e-05, 1e-05, 3e-05, 3e-05, 3e-05, 3e-05, 3e-05, 3e-05, 3e-05, 3e-05, 3e-05, 3e-05, 3e-05, 3e-05, 3e-05, 3e-05, 3e-05, 3e-05, 3e-05, 3e-05, 3e-05, 3e-05, 3e-05, 3e-05, 3e-05, 3e-05, 3e-05, 3e-05, 3e-05, 3e-05, 3e-05, 3e-05, 0.0001, 0.0001, 0.0001, 0.0001, 0.0001, 0.0001, 0.0001, 0.0001, 0.0001, 0.0001, 0.0001, 0.0001, 0.0001, 0.0001, 0.0001, 0.0001, 0.0001, 0.0001, 0.0001, 0.0001, 0.0001, 0.0001, 0.0001, 0.0001, 0.0001, 0.0001, 0.0001, 0.0001, 0.0001, 0.0001, 0.0001, 0.0001, 0.0001, 0.0001, 0.0001, 0.0001, 0.0001, 0.0001, 0.0001, 0.0001, 0.0003, 0.0003, 0.0003, 0.0003, 0.0003, 0.0003, 0.0003, 0.0003, 0.0003, 0.0003, 0.0003, 0.0003, 0.0003, 0.0003, 0.0003, 0.0003, 0.0003, 0.0003, 0.0003, 0.0003, 0.0003, 0.0003, 0.0003, 0.0003, 0.0003, 0.0003, 0.0003, 0.0003, 0.0003, 0.0003, 0.001, 0.001, 0.001, 0.001, 0.001, 0.001, 0.001, 0.001, 0.001, 0.001, 0.001, 0.001, 0.001, 0.001, 0.001, 0.001, 0.001, 0.001, 0.001, 0.001, 0.01, 0.01, 0.01, 0.01, 0.01, 0.01, 0.01, 0.01, 0.01, 0.01, 0.01, 0.01, 0.01, 0.01, 0.01, 0.01, 0.01], "casing_top": 0.0, "src_a": [55.0, 4.71238898038469, -1.25], "casing_d": 0.12300000000000001, "mur_back": 1.0, "surface_z": 0.0}, "directory": "Commer_example_SimPEG_updates", "meshGenerator": {"hy": [0.6731984257692414, 0.4487989505128276, 0.2991993003418851, 0.2991993003418851, 0.2991993003418851, 0.4487989505128276, 0.6731984257692414, 0.6731984257692414, 0.4487989505128276, 0.2991993003418851, 0.2991993003418851, 0.2991993003418851, 0.4487989505128276, 0.6731984257692414], "npadz": 16, "npadx": 15, "domain_x": 300.0, "csx1": 0.003, "__class__": "CasingMeshGenerator", "nca": 5, "filename": "MeshParameters.json", "pfx2": 1.5, "version": "0.0.4", "modelParameters": {"sigma_air": 0.0003, "sigma_casing": 1000000.0, "mur_casing": 1.0, "src_b": [45.0, 4.71238898038469, -1.25], "casing_l": 200.0, "casing_t": 0.012, "__class__": "CasingInHalfspace", "filename": "ModelParameters.json", "version": "0.0.4", "sigma_inside": 0.0333, "sigma_back": 0.0333, "directory": "Commer_example_SimPEG_updates", "timeSteps": [1e-06, 1e-06, 1e-06, 1e-06, 1e-06, 1e-06, 1e-06, 1e-06, 1e-06, 1e-06, 1e-06, 1e-06, 1e-06, 1e-06, 1e-06, 1e-06, 1e-06, 1e-06, 1e-06, 1e-06, 1e-05, 1e-05, 1e-05, 1e-05, 1e-05, 1e-05, 1e-05, 1e-05, 1e-05, 1e-05, 1e-05, 1e-05, 1e-05, 1e-05, 1e-05, 1e-05, 1e-05, 1e-05, 1e-05, 1e-05, 1e-05, 1e-05, 1e-05, 1e-05, 1e-05, 1e-05, 1e-05, 1e-05, 1e-05, 1e-05, 3e-05, 3e-05, 3e-05, 3e-05, 3e-05, 3e-05, 3e-05, 3e-05, 3e-05, 3e-05, 3e-05, 3e-05, 3e-05, 3e-05, 3e-05, 3e-05, 3e-05, 3e-05, 3e-05, 3e-05, 3e-05, 3e-05, 3e-05, 3e-05, 3e-05, 3e-05, 3e-05, 3e-05, 3e-05, 3e-05, 0.0001, 0.0001, 0.0001, 0.0001, 0.0001, 0.0001, 0.0001, 0.0001, 0.0001, 0.0001, 0.0001, 0.0001, 0.0001, 0.0001, 0.0001, 0.0001, 0.0001, 0.0001, 0.0001, 0.0001, 0.0001, 0.0001, 0.0001, 0.0001, 0.0001, 0.0001, 0.0001, 0.0001, 0.0001, 0.0001, 0.0001, 0.0001, 0.0001, 0.0001, 0.0001, 0.0001, 0.0001, 0.0001, 0.0001, 0.0001, 0.0003, 0.0003, 0.0003, 0.0003, 0.0003, 0.0003, 0.0003, 0.0003, 0.0003, 0.0003, 0.0003, 0.0003, 0.0003, 0.0003, 0.0003, 0.0003, 0.0003, 0.0003, 0.0003, 0.0003, 0.0003, 0.0003, 0.0003, 0.0003, 0.0003, 0.0003, 0.0003, 0.0003, 0.0003, 0.0003, 0.001, 0.001, 0.001, 0.001, 0.001, 0.001, 0.001, 0.001, 0.001, 0.001, 0.001, 0.001, 0.001, 0.001, 0.001, 0.001, 0.001, 0.001, 0.001, 0.001, 0.01, 0.01, 0.01, 0.01, 0.01, 0.01, 0.01, 0.01, 0.01, 0.01, 0.01, 0.01, 0.01, 0.01, 0.01, 0.01, 0.01], "casing_top": 0.0, "src_a": [55.0, 4.71238898038469, -1.25], "casing_d": 0.12300000000000001, "mur_back": 1.0, "surface_z": 0.0}, "csz": 2.5, "directory": "Commer_example_SimPEG_updates", "csx2": 2.5, "ncb": 5, "pfx1": 1.3, "pfz": 1.5}, "__class__": "HorizontalElectricDipole", "filename": "Source.json"}